"","Rk","Team","Age","W","L","WL_percent","PW","PL","OPtg","DRtg","NRtg","Pace","FTr","3PAr","TS_percent","eFG_percent_offense","TOV_percent_offense","ORB_percent","FT/FGA_offense","eFG_percent_defense","TOV_percent_defense","DRB_percent","FT/FGA_defense","...24","...25","Year"
"1","Rk","Tm","Age","W","L","W/L%","PW","PL","ORtg","DRtg","NRtg","Pace","FTr","3PAr","TS%",NA,"eFG%","TOV%","ORB%","FT/FGA",NA,"eFG%","TOV%","DRB%","FT/FGA",2000
"2","1","Portland Trail Blazers","30.0","10","6",".625","11","5","107.7","102.2","+5.5","85.9",".386",".200",".541",NA,".481","12.9","25.9",".303",NA,".478","13.4","75.0",".248",2000
"3","2","Miami Heat","29.6","6","4",".600","6","4","97.4","94.4","+3.0","84.6",".328",".202",".493",NA,".451","14.1","25.7",".227",NA,".431","13.5","80.8",".269",2000
"4","3","Indiana Pacers","30.9","13","10",".565","14","9","109.7","106.8","+2.9","89.0",".322",".239",".545",NA,".488","11.4","25.1",".267",NA,".481","11.2","73.0",".220",2000
"5","4","Los Angeles Lakers","29.3","15","8",".652","13","10","110.1","107.5","+2.6","90.3",".393",".192",".529",NA,".498","11.4","30.6",".245",NA,".476","12.1","73.7",".289",2000
"6","5","Milwaukee Bucks","27.6","2","3",".400","3","2","107.5","105.5","+2.0","89.3",".266",".140",".520",NA,".479","11.3","28.5",".203",NA,".446","11.0","70.4",".262",2000
"7","6","New York Knicks","29.7","9","7",".563","7","9","99.8","101.1","-1.3","84.0",".318",".158",".512",NA,".462","12.5","20.3",".243",NA,".442","12.5","73.3",".250",2000
"8","7","Seattle Supersonics","27.9","2","3",".400","2","3","104.5","105.8","-1.3","89.2",".291",".206",".519",NA,".481","14.0","28.7",".209",NA,".508","15.5","71.9",".214",2000
"9","8","San Antonio Spurs","31.0","1","3",".250","2","2","90.0","91.4","-1.4","90.8",".401",".145",".457",NA,".391","15.4","26.5",".293",NA,".421","14.5","70.8",".149",2000
"10","9","Philadelphia 76ers","27.6","5","5",".500","5","5","106.5","108.0","-1.5","87.5",".369",".154",".507",NA,".452","12.0","31.2",".274",NA,".490","13.1","72.4",".256",2000
"11","10","Minnesota Timberwolves","26.6","1","3",".250","2","2","103.4","105.8","-2.4","82.5",".229",".127",".506",NA,".467","12.2","27.9",".180",NA,".476","13.5","73.9",".265",2000
"12","11","Charlotte Hornets","29.2","1","3",".250","2","2","104.6","107.8","-3.2","85.0",".360",".200",".525",NA,".460","15.1","32.9",".297",NA,".466","12.3","70.1",".244",2000
"13","12","Phoenix Suns","28.4","4","5",".444","3","6","96.6","100.6","-4.0","90.5",".274",".204",".474",NA,".435","14.3","30.3",".192",NA,".436","13.3","68.9",".305",2000
"14","13","Toronto Raptors","29.8","0","3",".000","1","2","97.3","101.9","-4.6","86.0",".419",".212",".477",NA,".403","14.1","30.7",".324",NA,".493","16.7","79.5",".323",2000
"15","14","Utah Jazz","32.2","4","6",".400","3","7","100.6","106.2","-5.6","87.8",".318",".165",".519",NA,".475","14.9","26.4",".235",NA,".483","13.9","72.1",".264",2000
"16","15","Sacramento Kings","27.2","2","3",".400","1","4","105.0","113.7","-8.7","91.8",".370",".215",".512",NA,".456","11.3","26.3",".279",NA,".488","10.0","62.0",".195",2000
"17","16","Detroit Pistons","28.4","0","3",".000","0","3","88.7","100.2","-11.5","89.8",".389",".168",".490",NA,".435","17.3","15.4",".279",NA,".512","17.1","77.3",".233",2000
"18","","League Average","29.5","","","","5","5","104.2","104.2","","87.8",".342",".190",".517",NA,".469","12.8","27.0",".252",NA,".469","12.8","73.0",".252",2000
"19","Rk","Tm","Age","W","L","W/L%","PW","PL","ORtg","DRtg","NRtg","Pace","FTr","3PAr","TS%",NA,"eFG%","TOV%","ORB%","FT/FGA",NA,"eFG%","TOV%","DRB%","FT/FGA",2001
"20","1","Los Angeles Lakers","28.3","15","1",".938","14","2","111.6","97.9","+13.7","92.0",".375",".194",".542",NA,".505","12.8","33.0",".254",NA,".433","13.1","74.1",".249",2001
"21","2","Charlotte Hornets","28.1","6","4",".600","7","3","108.0","100.9","+7.1","88.6",".402",".154",".521",NA,".462","11.6","30.3",".301",NA,".470","14.7","73.8",".211",2001
"22","3","Milwaukee Bucks","28.4","10","8",".556","10","8","107.8","106.2","+1.6","88.3",".294",".218",".526",NA,".476","12.5","30.4",".235",NA,".447","10.8","68.8",".242",2001
"23","4","Toronto Raptors","29.6","6","6",".500","6","6","106.0","105.0","+1.0","86.9",".262",".190",".520",NA,".481","13.3","29.4",".198",NA,".477","13.8","71.4",".259",2001
"24","5","Sacramento Kings","26.8","3","5",".375","4","4","101.5","101.3","+0.2","96.2",".333",".166",".495",NA,".432","14.4","32.0",".272",NA,".448","13.0","69.9",".256",2001
"25","6","Philadelphia 76ers","28.3","12","11",".522","11","12","105.7","105.8","-0.1","87.0",".332",".141",".498",NA,".445","11.8","32.7",".253",NA,".486","13.3","71.5",".201",2001
"26","7","San Antonio Spurs","30.2","7","6",".538","6","7","102.2","102.6","-0.4","89.6",".353",".200",".521",NA,".475","13.7","25.0",".253",NA,".442","11.1","70.7",".202",2001
"27","8","New York Knicks","29.9","2","3",".400","2","3","101.3","105.0","-3.7","87.8",".328",".165",".545",NA,".496","15.2","22.4",".255",NA,".462","13.3","70.1",".231",2001
"28","9","Dallas Mavericks","26.1","4","6",".400","4","6","104.2","108.4","-4.2","88.5",".317",".213",".501",NA,".436","11.2","27.0",".269",NA,".491","13.1","69.7",".255",2001
"29","10","Utah Jazz","32.6","2","3",".400","2","3","103.8","108.6","-4.8","86.3",".332",".141",".503",NA,".447","12.0","30.3",".257",NA,".468","13.1","75.0",".332",2001
"30","11","Orlando Magic","25.9","1","3",".250","1","3","107.9","113.9","-6.0","92.8",".273",".228",".511",NA,".479","10.1","27.4",".187",NA,".453","10.3","63.4",".334",2001
"31","12","Indiana Pacers","27.8","1","3",".250","1","3","100.3","107.5","-7.2","87.0",".228",".222",".482",NA,".436","12.1","26.4",".188",NA,".444","10.6","65.9",".277",2001
"32","13","Minnesota Timberwolves","27.8","1","3",".250","1","3","93.5","100.9","-7.4","87.7",".270",".126",".461",NA,".406","12.5","25.0",".220",NA,".470","14.1","75.9",".257",2001
"33","14","Phoenix Suns","28.7","1","3",".250","1","3","92.2","102.1","-9.9","96.0",".254",".190",".445",NA,".404","12.1","27.7",".182",NA,".434","15.1","65.8",".282",2001
"34","15","Portland Trail Blazers","31.3","0","3",".000","0","3","97.3","113.4","-16.1","91.4",".341",".266",".507",NA,".454","14.6","22.1",".258",NA,".486","10.6","65.6",".237",2001
"35","16","Miami Heat","29.8","0","3",".000","0","3","87.5","112.4","-24.9","89.6",".267",".230",".484",NA,".447","18.8","18.8",".189",NA,".496","13.6","69.7",".363",2001
"36","","League Average","28.6","","","","4","4","104.5","104.5","","89.3",".322",".185",".511",NA,".462","12.7","29.3",".244",NA,".462","12.7","70.7",".244",2001
"37","Rk","Tm","Age","W","L","W/L%","PW","PL","ORtg","DRtg","NRtg","Pace","FTr","3PAr","TS%",NA,"eFG%","TOV%","ORB%","FT/FGA",NA,"eFG%","TOV%","DRB%","FT/FGA",2002
"38","1","Los Angeles Lakers","28.1","15","4",".789","12","7","106.4","102.3","+4.1","91.5",".349",".224",".527",NA,".482","12.9","29.1",".252",NA,".455","12.1","72.9",".231",2002
"39","2","San Antonio Spurs","28.3","4","6",".400","6","4","106.2","102.7","+3.5","85.8",".349",".193",".518",NA,".465","11.2","26.6",".266",NA,".466","11.4","72.4",".175",2002
"40","3","Boston Celtics","27.1","9","7",".563","10","6","101.5","98.4","+3.1","89.9",".292",".292",".515",NA,".469","13.8","25.0",".226",NA,".450","14.3","75.1",".253",2002
"41","4","Sacramento Kings","27.2","10","6",".625","9","7","106.3","103.9","+2.4","93.9",".363",".196",".529",NA,".478","13.4","29.4",".269",NA,".460","12.9","69.6",".222",2002
"42","5","Dallas Mavericks","26.5","4","4",".500","4","4","111.7","111.4","+0.3","96.4",".287",".251",".550",NA,".499","11.2","24.2",".240",NA,".493","12.9","67.6",".288",2002
"43","6","Indiana Pacers","26.1","2","3",".400","3","2","97.1","96.9","+0.2","90.6",".297",".155",".533",NA,".489","17.5","21.5",".226",NA,".448","13.7","75.8",".205",2002
"44","7","Charlotte Hornets","28.7","4","5",".444","4","4","103.9","103.9","0.0","90.4",".399",".151",".505",NA,".449","13.4","33.2",".289",NA,".454","12.4","73.4",".291",2002
"45","8","New Jersey Nets","26.4","11","9",".550","10","10","102.3","102.3","0.0","92.3",".324",".176",".503",NA,".457","13.0","27.5",".235",NA,".472","14.5","72.3",".277",2002
"46","9","Detroit Pistons","29.3","4","6",".400","5","5","96.1","96.5","-0.4","86.4",".304",".307",".497",NA,".454","14.9","22.9",".220",NA,".446","15.5","72.1",".202",2002
"47","10","Utah Jazz","30.0","1","3",".250","2","2","98.6","99.8","-1.2","89.2",".340",".145",".482",NA,".437","15.3","33.7",".233",NA,".436","16.6","69.1",".336",2002
"48","11","Toronto Raptors","29.9","2","3",".400","2","3","97.8","101.1","-3.3","85.7",".267",".137",".486",NA,".444","15.6","32.1",".197",NA,".468","15.4","74.3",".281",2002
"49","12","Orlando Magic","28.5","1","3",".250","1","3","101.2","106.6","-5.4","88.1",".395",".210",".509",NA,".451","11.5","20.8",".293",NA,".445","12.8","65.9",".310",2002
"50","13","Portland Trail Blazers","29.2","0","3",".000","1","2","99.3","105.1","-5.8","92.0",".337",".220",".485",NA,".423","13.5","26.9",".268",NA,".487","13.0","77.4",".327",2002
"51","14","Philadelphia 76ers","29.8","2","3",".400","1","4","102.1","112.2","-10.1","87.2",".435",".177",".508",NA,".440","14.1","29.9",".329",NA,".541","13.8","76.5",".184",2002
"52","15","Minnesota Timberwolves","26.5","0","3",".000","1","2","105.5","116.6","-11.1","96.6",".428",".156",".530",NA,".475","14.0","30.3",".309",NA,".521","9.9","80.8",".277",2002
"53","16","Seattle Supersonics","27.0","2","3",".400","1","4","101.7","113.8","-12.1","84.7",".239",".153",".490",NA,".460","10.8","26.6",".163",NA,".503","10.0","72.7",".263",2002
"54","","League Average","27.8","","","","4","4","103.3","103.3","","90.5",".334",".208",".514",NA,".466","13.3","27.5",".248",NA,".466","13.3","72.5",".248",2002
"55","Rk","Tm","Age","W","L","W/L%","PW","PL","ORtg","DRtg","NRtg","Pace","FTr","3PAr","TS%",NA,"eFG%","TOV%","ORB%","FT/FGA",NA,"eFG%","TOV%","DRB%","FT/FGA",2003
"56","1","San Antonio Spurs","27.1","16","8",".667","17","7","103.7","97.7","+6.0","91.0",".399",".198",".525",NA,".476","14.4","28.6",".284",NA,".439","14.0","73.4",".216",2003
"57","2","New Jersey Nets","27.3","14","6",".700","12","8","102.6","98.9","+3.7","89.9",".336",".165",".506",NA,".453","14.1","30.9",".256",NA,".464","14.8","76.7",".252",2003
"58","3","Sacramento Kings","28.3","7","5",".583","7","5","112.0","109.6","+2.4","94.7",".341",".215",".549",NA,".499","12.0","29.3",".265",NA,".495","12.7","70.7",".216",2003
"59","4","Portland Trail Blazers","28.1","3","4",".429","4","3","115.2","114.1","+1.1","87.9",".373",".215",".551",NA,".501","13.0","36.3",".280",NA,".507","11.1","72.7",".228",2003
"60","5","Detroit Pistons","27.9","8","9",".471","9","8","102.7","101.7","+1.0","86.5",".416",".258",".515",NA,".455","13.3","25.5",".308",NA,".459","14.8","70.6",".253",2003
"61","6","Philadelphia 76ers","29.0","6","6",".500","6","6","105.8","104.8","+1.0","85.6",".345",".141",".527",NA,".468","14.5","31.3",".277",NA,".473","13.8","72.3",".268",2003
"62","7","Los Angeles Lakers","27.9","6","6",".500","6","6","107.1","106.9","+0.2","92.8",".313",".240",".529",NA,".491","12.7","27.9",".222",NA,".500","13.1","76.2",".251",2003
"63","8","Dallas Mavericks","27.8","10","10",".500","10","10","110.5","111.1","-0.6","93.2",".245",".269",".546",NA,".503","11.6","25.0",".203",NA,".494","12.5","70.4",".286",2003
"64","9","Boston Celtics","27.0","4","6",".400","5","5","101.4","102.1","-0.7","90.4",".303",".307",".528",NA,".477","14.2","20.8",".243",NA,".449","14.0","73.0",".311",2003
"65","10","New Orleans Hornets","28.8","2","4",".333","3","3","106.4","108.3","-1.9","87.2",".328",".222",".526",NA,".479","14.2","31.5",".244",NA,".471","14.0","68.5",".306",2003
"66","11","Milwaukee Bucks","30.3","2","4",".333","2","4","105.8","110.5","-4.7","90.9",".312",".214",".541",NA,".499","12.9","21.0",".233",NA,".494","14.7","65.3",".306",2003
"67","12","Phoenix Suns","25.4","2","4",".333","2","4","91.5","97.3","-5.8","91.4",".265",".187",".456",NA,".414","14.8","27.8",".189",NA,".438","16.8","67.4",".302",2003
"68","13","Indiana Pacers","26.2","2","4",".333","2","4","100.9","107.1","-6.2","88.8",".418",".227",".496",NA,".422","13.3","29.4",".330",NA,".492","12.3","79.2",".251",2003
"69","14","Minnesota Timberwolves","28.0","2","4",".333","2","4","104.2","110.8","-6.6","94.8",".319",".173",".544",NA,".492","14.6","22.6",".257",NA,".498","10.7","70.9",".211",2003
"70","15","Orlando Magic","26.5","3","4",".429","2","5","99.5","107.8","-8.3","88.0",".357",".223",".517",NA,".459","15.3","24.7",".279",NA,".462","13.0","69.2",".328",2003
"71","16","Utah Jazz","31.2","1","4",".200","1","4","104.2","116.1","-11.9","89.2",".386",".087",".511",NA,".446","15.3","35.4",".303",NA,".516","12.9","65.3",".272",2003
"72","","League Average","27.8","","","","6","5","105.1","105.1","","90.3",".340",".215",".525",NA,".474","13.6","27.9",".259",NA,".474","13.6","72.1",".259",2003
"73","Rk","Tm","Age","W","L","W/L%","PW","PL","ORtg","DRtg","NRtg","Pace","FTr","3PAr","TS%",NA,"eFG%","TOV%","ORB%","FT/FGA",NA,"eFG%","TOV%","DRB%","FT/FGA",2004
"74","1","Detroit Pistons","27.3","16","7",".696","17","6","99.3","92.0","+7.3","86.1",".359",".182",".493",NA,".439","14.4","30.2",".263",NA,".423","15.4","74.6",".227",2004
"75","2","Indiana Pacers","26.7","10","6",".625","11","5","98.9","93.7","+5.2","86.5",".330",".237",".497",NA,".448","13.6","25.5",".242",NA,".422","15.6","74.4",".270",2004
"76","3","San Antonio Spurs","26.8","6","4",".600","6","4","102.4","98.8","+3.6","87.2",".314",".248",".515",NA,".485","15.2","30.1",".202",NA,".482","15.3","77.1",".256",2004
"77","4","New Jersey Nets","27.7","7","4",".636","7","4","96.4","93.7","+2.7","88.9",".416",".225",".512",NA,".454","17.7","26.5",".303",NA,".419","15.0","72.0",".245",2004
"78","5","Dallas Mavericks","26.7","1","4",".200","3","2","103.4","102.0","+1.4","96.3",".245",".180",".466",NA,".422","11.3","36.7",".189",NA,".481","14.7","71.6",".204",2004
"79","6","Los Angeles Lakers","30.2","13","9",".591","12","10","100.8","99.8","+1.0","86.6",".375",".207",".508",NA,".477","12.7","24.4",".229",NA,".456","14.3","72.2",".237",2004
"80","7","Miami Heat","25.9","6","7",".462","7","6","97.3","97.1","+0.2","86.4",".343",".179",".489",NA,".433","14.1","27.2",".258",NA,".445","15.8","72.8",".257",2004
"81","8","Sacramento Kings","29.0","7","5",".583","6","6","101.0","100.9","+0.1","93.4",".299",".202",".507",NA,".460","13.2","24.8",".227",NA,".447","13.4","69.3",".208",2004
"82","9","Minnesota Timberwolves","30.0","10","8",".556","9","9","101.9","101.9","0.0","89.8",".302",".198",".527",NA,".479","14.7","24.2",".236",NA,".463","12.1","73.3",".211",2004
"83","10","New Orleans Hornets","30.1","3","4",".429","3","4","92.5","95.9","-3.4","87.1",".272",".243",".472",NA,".422","16.7","28.5",".212",NA,".431","14.9","71.4",".249",2004
"84","11","Denver Nuggets","26.5","1","4",".200","2","3","99.2","103.6","-4.4","91.4",".193",".149",".479",NA,".452","13.1","31.7",".135",NA,".503","15.9","75.8",".253",2004
"85","12","Houston Rockets","28.0","1","4",".200","1","4","94.5","100.5","-6.0","87.7",".306",".204",".501",NA,".458","16.6","24.0",".220",NA,".458","10.2","77.7",".226",2004
"86","13","New York Knicks","28.5","0","4",".000","0","4","90.4","104.1","-13.7","92.9",".316",".181",".461",NA,".411","15.1","26.3",".228",NA,".505","18.1","73.9",".333",2004
"87","14","Milwaukee Bucks","27.5","1","4",".200","1","4","95.3","109.3","-14.0","89.9",".278",".185",".490",NA,".447","15.8","25.8",".206",NA,".494","13.3","68.3",".240",2004
"88","15","Memphis Grizzlies","26.0","0","4",".000","0","4","97.1","113.4","-16.3","86.0",".324",".176",".504",NA,".450","14.7","23.8",".252",NA,".561","16.4","68.5",".233",2004
"89","16","Boston Celtics","26.2","0","4",".000","0","4","92.1","110.4","-18.3","91.7",".383",".223",".513",NA,".445","19.3","23.1",".309",NA,".501","11.9","72.2",".195",2004
"90","","League Average","28.0","","","","5","5","98.8","98.8","","88.4",".328",".203",".500",NA,".454","14.5","27.0",".237",NA,".454","14.5","73.0",".237",2004
"91","Rk","Tm","Age","W","L","W/L%","PW","PL","ORtg","DRtg","NRtg","Pace","FTr","3PAr","TS%",NA,"eFG%","TOV%","ORB%","FT/FGA",NA,"eFG%","TOV%","DRB%","FT/FGA",2005
"92","1","Detroit Pistons","28.1","15","10",".600","17","8","105.0","99.5","+5.5","85.3",".286",".176",".508",NA,".466","12.1","29.8",".212",NA,".470","14.5","74.8",".219",2005
"93","2","San Antonio Spurs","28.6","16","7",".696","15","8","110.0","105.1","+4.9","87.3",".367",".240",".546",NA,".500","14.1","31.1",".267",NA,".471","12.1","71.4",".218",2005
"94","3","Miami Heat","28.2","11","4",".733","10","5","107.2","102.5","+4.7","90.2",".409",".211",".568",NA,".533","15.1","22.5",".273",NA,".449","11.2","73.1",".241",2005
"95","4","Phoenix Suns","26.2","9","6",".600","9","6","118.2","113.8","+4.4","94.1",".304",".233",".582",NA,".544","11.8","29.2",".233",NA,".508","11.0","68.4",".190",2005
"96","5","Boston Celtics","26.7","3","4",".429","3","4","100.6","101.3","-0.7","85.9",".306",".200",".520",NA,".475","15.4","26.2",".231",NA,".444","15.6","73.6",".359",2005
"97","6","Dallas Mavericks","27.7","6","7",".462","6","7","113.3","115.0","-1.7","92.1",".338",".207",".544",NA,".492","12.0","32.5",".266",NA,".525","13.0","70.1",".251",2005
"98","7","Chicago Bulls","26.4","2","4",".333","3","3","106.3","108.2","-1.9","96.4",".368",".274",".521",NA,".472","13.4","30.0",".266",NA,".472","12.6","70.3",".321",2005
"99","8","Seattle Supersonics","26.3","6","5",".545","5","6","111.1","113.0","-1.9","88.7",".369",".203",".547",NA,".489","13.3","33.3",".295",NA,".493","12.6","69.2",".286",2005
"100","9","Washington Wizards","25.5","4","6",".400","4","6","105.6","108.2","-2.6","95.1",".409",".228",".515",NA,".459","12.3","28.9",".298",NA,".505","14.6","70.5",".260",2005
"101","10","Houston Rockets","29.8","3","4",".429","3","4","111.7","114.9","-3.2","87.3",".344",".236",".564",NA,".513","14.2","27.8",".272",NA,".498","12.9","66.8",".316",2005
"102","11","Indiana Pacers","29.2","6","7",".462","5","8","97.7","101.1","-3.4","85.3",".361",".243",".496",NA,".434","15.1","26.4",".283",NA,".463","14.4","71.6",".235",2005
"103","12","Sacramento Kings","27.6","1","4",".200","2","3","113.0","117.9","-4.9","90.4",".285",".241",".527",NA,".479","10.3","30.4",".227",NA,".508","12.9","63.9",".338",2005
"104","13","Philadelphia 76ers","26.5","1","4",".200","1","4","101.2","110.1","-8.9","87.9",".256",".244",".513",NA,".479","12.6","23.1",".183",NA,".512","15.7","69.6",".260",2005
"105","14","Denver Nuggets","26.5","1","4",".200","1","4","97.4","108.5","-11.1","90.7",".387",".107",".490",NA,".431","12.4","23.1",".285",NA,".487","13.4","73.4",".316",2005
"106","15","Memphis Grizzlies","26.2","0","4",".000","1","3","112.0","124.0","-12.0","91.7",".194",".225",".539",NA,".517","10.1","26.6",".137",NA,".570","10.6","72.5",".301",2005
"107","16","New Jersey Nets","27.5","0","4",".000","1","3","100.6","113.9","-13.3","91.4",".369",".254",".491",NA,".432","11.7","26.5",".277",NA,".570","14.7","77.3",".316",2005
"108","","League Average","27.6","","","","5","5","107.8","107.8","","89.3",".339",".218",".534",NA,".487","13.1","28.7",".253",NA,".487","13.1","71.3",".253",2005
"109","Rk","Tm","Age","W","L","W/L%","PW","PL","ORtg","DRtg","NRtg","Pace","FTr","3PAr","TS%",NA,"eFG%","TOV%","ORB%","FT/FGA",NA,"eFG%","TOV%","DRB%","FT/FGA",2006
"110","1","Dallas Mavericks","27.2","14","9",".609","15","8","110.2","105.7","+4.5","88.9",".350",".188",".540",NA,".481","12.2","29.2",".283",NA,".506","14.2","77.7",".280",2006
"111","2","Miami Heat","29.4","16","7",".696","15","8","106.2","102.0","+4.2","90.3",".427",".264",".559",NA,".525","15.3","24.6",".280",NA,".470","13.8","76.6",".265",2006
"112","3","Los Angeles Clippers","26.8","7","5",".583","7","5","111.6","107.7","+3.9","93.1",".331",".148",".571",NA,".519","14.3","28.6",".270",NA,".479","10.2","75.9",".216",2006
"113","4","Detroit Pistons","29.1","10","8",".556","11","7","107.9","104.2","+3.7","84.9",".382",".249",".528",NA,".478","12.0","27.9",".277",NA,".494","14.7","72.6",".225",2006
"114","5","San Antonio Spurs","30.0","7","6",".538","7","6","114.0","111.6","+2.4","88.3",".420",".207",".587",NA,".533","13.2","22.6",".326",NA,".486","12.0","71.1",".312",2006
"115","6","Phoenix Suns","26.8","10","10",".500","11","9","113.7","112.5","+1.2","92.3",".259",".283",".579",NA,".538","11.1","19.0",".216",NA,".507","12.4","69.7",".237",2006
"116","7","Washington Wizards","26.4","2","4",".333","3","3","109.4","109.2","+0.2","89.8",".424",".244",".545",NA,".488","12.1","26.7",".316",NA,".489","14.1","68.3",".268",2006
"117","8","New Jersey Nets","28.7","5","6",".455","5","6","106.5","107.6","-1.1","88.4",".351",".230",".538",NA,".487","12.7","24.9",".267",NA,".517","15.0","77.6",".313",2006
"118","9","Chicago Bulls","23.9","2","4",".333","2","4","104.2","107.4","-3.2","94.4",".397",".260",".548",NA,".497","15.0","21.6",".295",NA,".514","14.7","73.2",".261",2006
"119","10","Cleveland Cavaliers","26.8","7","6",".538","5","8","103.7","107.4","-3.7","85.8",".322",".172",".515",NA,".465","14.1","30.7",".246",NA,".480","12.6","72.1",".284",2006
"120","11","Indiana Pacers","27.5","2","4",".333","2","4","103.2","107.5","-4.3","86.5",".386",".277",".543",NA,".491","16.1","23.1",".289",NA,".479","12.0","73.4",".279",2006
"121","12","Los Angeles Lakers","25.2","3","4",".429","2","5","106.5","113.6","-7.1","91.7",".284",".258",".538",NA,".497","13.8","26.8",".216",NA,".543","11.5","84.7",".251",2006
"122","13","Denver Nuggets","27.6","1","4",".200","1","4","95.0","103.2","-8.2","92.0",".308",".159",".449",NA,".397","10.8","29.2",".224",NA,".493","16.8","76.8",".297",2006
"123","14","Sacramento Kings","27.0","2","4",".333","1","5","108.8","119.5","-10.7","87.9",".369",".200",".536",NA,".477","12.5","29.0",".292",NA,".566","13.3","75.0",".296",2006
"124","15","Milwaukee Bucks","25.5","1","4",".200","1","4","110.2","121.1","-10.9","88.5",".267",".155",".545",NA,".504","12.8","26.6",".209",NA,".544","10.5","70.6",".338",2006
"125","16","Memphis Grizzlies","28.2","0","4",".000","0","4","99.0","115.5","-16.5","82.9",".425",".180",".534",NA,".479","16.9","22.0",".308",NA,".487","12.5","65.4",".306",2006
"126","","League Average","27.6","","","","6","5","108.2","108.2","","89.2",".354",".223",".547",NA,".498","13.2","25.9",".268",NA,".498","13.2","74.1",".268",2006
"127","Rk","Tm","Age","W","L","W/L%","PW","PL","ORtg","DRtg","NRtg","Pace","FTr","3PAr","TS%",NA,"eFG%","TOV%","ORB%","FT/FGA",NA,"eFG%","TOV%","DRB%","FT/FGA",2007
"128","1","Phoenix Suns","27.9","6","5",".545","7","4","110.6","105.3","+5.3","94.1",".298",".229",".562",NA,".520","13.0","23.4",".232",NA,".492","13.8","71.6",".213",2007
"129","2","San Antonio Spurs","30.8","16","4",".800","13","7","107.6","103.1","+4.5","88.9",".317",".256",".547",NA,".508","13.7","26.4",".229",NA,".471","13.9","72.4",".228",2007
"130","3","Detroit Pistons","29.5","10","6",".625","10","6","105.2","101.8","+3.4","85.8",".346",".219",".522",NA,".468","13.2","28.7",".266",NA,".462","14.3","70.9",".275",2007
"131","4","Cleveland Cavaliers","25.8","12","8",".600","12","8","102.5","100.0","+2.5","85.7",".341",".217",".506",NA,".456","12.9","28.6",".252",NA,".464","13.8","76.6",".233",2007
"132","5","New Jersey Nets","28.3","6","6",".500","7","5","101.7","99.6","+2.1","88.7",".318",".284",".539",NA,".497","16.1","21.8",".236",NA,".463","14.1","76.4",".257",2007
"133","6","Golden State Warriors","25.3","5","6",".455","6","5","110.9","109.1","+1.8","95.3",".376",".382",".563",NA,".518","13.6","25.5",".277",NA,".493","16.9","63.9",".307",2007
"134","7","Chicago Bulls","26.1","6","4",".600","5","5","103.4","102.1","+1.3","89.4",".390",".220",".522",NA,".469","14.7","28.5",".284",NA,".475","13.8","73.0",".225",2007
"135","8","Utah Jazz","26.1","9","8",".529","9","8","106.9","105.9","+1.0","91.0",".349",".159",".534",NA,".486","14.9","31.4",".261",NA,".498","14.5","76.1",".294",2007
"136","9","Houston Rockets","27.7","3","4",".429","3","4","99.6","103.2","-3.6","87.6",".363",".308",".520",NA,".460","15.0","24.3",".286",NA,".467","11.8","75.0",".194",2007
"137","10","Toronto Raptors","25.5","2","4",".333","2","4","101.0","106.9","-5.9","89.9",".347",".197",".536",NA,".478","14.8","19.0",".279",NA,".521","15.7","76.3",".235",2007
"138","11","Denver Nuggets","26.8","1","4",".200","1","4","100.7","107.5","-6.8","87.6",".264",".181",".498",NA,".452","14.6","31.6",".207",NA,".493","11.9","71.7",".149",2007
"139","12","Dallas Mavericks","27.6","2","4",".333","2","4","105.7","112.8","-7.1","93.2",".371",".274",".524",NA,".466","14.8","31.9",".287",NA,".530","14.2","71.9",".272",2007
"140","13","Washington Wizards","27.8","0","4",".000","1","3","103.5","113.4","-9.9","88.4",".262",".247",".494",NA,".450","8.6","21.9",".202",NA,".490","12.8","67.7",".326",2007
"141","14","Orlando Magic","25.7","0","4",".000","1","3","102.9","113.5","-10.6","85.5",".394",".100",".519",NA,".495","14.8","28.3",".228",NA,".495","10.7","71.2",".330",2007
"142","15","Los Angeles Lakers","25.6","1","4",".200","1","4","103.8","114.8","-11.0","94.4",".251",".230",".513",NA,".479","13.7","31.4",".181",NA,".528","11.5","74.9",".225",2007
"143","16","Miami Heat","29.9","0","4",".000","1","3","96.9","108.9","-12.0","91.6",".365",".227",".512",NA,".482","14.5","19.6",".224",NA,".505","13.9","74.3",".257",2007
"144","","League Average","27.5","","","","5","5","104.9","104.9","","89.5",".337",".236",".530",NA,".483","14.0","27.0",".250",NA,".483","14.0","73.0",".250",2007
"145","Rk","Tm","Age","W","L","W/L%","PW","PL","ORtg","DRtg","NRtg","Pace","FTr","3PAr","TS%",NA,"eFG%","TOV%","ORB%","FT/FGA",NA,"eFG%","TOV%","DRB%","FT/FGA",2008
"146","1","Boston Celtics","28.9","16","10",".615","18","8","109.4","103.3","+6.1","85.9",".354",".224",".541",NA,".487","12.9","29.5",".277",NA,".463","14.4","74.6",".313",2008
"147","2","New Orleans Hornets","26.7","7","5",".583","8","4","111.5","107.3","+4.2","86.6",".250",".173",".537",NA,".499","8.9","24.2",".193",NA,".483","12.3","73.2",".235",2008
"148","3","Detroit Pistons","28.8","10","7",".588","10","7","108.0","105.2","+2.8","84.7",".320",".179",".538",NA,".485","13.2","27.7",".257",NA,".478","14.7","68.7",".275",2008
"149","4","Cleveland Cavaliers","27.1","7","6",".538","8","5","104.6","102.1","+2.5","85.9",".395",".262",".517",NA,".465","13.7","29.1",".285",NA,".460","13.4","75.2",".285",2008
"150","5","Los Angeles Lakers","27.4","14","7",".667","12","9","110.0","107.6","+2.4","92.7",".371",".241",".560",NA,".512","12.7","22.2",".279",NA,".477","12.3","71.1",".255",2008
"151","6","Orlando Magic","26.4","5","5",".500","6","4","111.0","109.2","+1.8","87.5",".322",".336",".564",NA,".529","14.4","29.0",".229",NA,".464","8.9","75.0",".226",2008
"152","7","Utah Jazz","25.4","6","6",".500","6","6","110.1","110.4","-0.3","89.1",".330",".204",".528",NA,".481","12.1","33.4",".247",NA,".490","12.2","73.7",".314",2008
"153","8","San Antonio Spurs","31.6","9","8",".529","8","9","103.9","104.8","-0.9","89.5",".261",".252",".529",NA,".493","12.6","21.4",".194",NA,".486","10.8","77.6",".197",2008
"154","9","Phoenix Suns","29.4","1","4",".200","2","3","104.1","106.1","-2.0","92.6",".369",".180",".524",NA,".492","11.5","21.9",".235",NA,".493","11.9","76.3",".216",2008
"155","10","Houston Rockets","29.0","2","4",".333","2","4","103.8","106.7","-2.9","84.8",".333",".254",".488",NA,".446","10.7","29.8",".227",NA,".482","12.4","69.3",".231",2008
"156","11","Washington Wizards","27.7","2","4",".333","2","4","104.9","108.7","-3.8","87.9",".386",".262",".524",NA,".466","12.3","23.4",".295",NA,".485","13.2","67.8",".265",2008
"157","12","Toronto Raptors","26.2","1","4",".200","2","3","110.1","115.2","-5.1","90.3",".224",".280",".528",NA,".484","9.6","23.1",".194",NA,".533","13.3","69.7",".260",2008
"158","13","Philadelphia 76ers","25.0","2","4",".333","2","4","99.8","107.9","-8.1","86.0",".402",".105",".488",NA,".430","14.4","33.9",".290",NA,".523","17.0","67.0",".188",2008
"159","14","Dallas Mavericks","29.6","1","4",".200","1","4","108.0","118.2","-10.2","87.0",".381",".264",".511",NA,".447","11.2","31.7",".299",NA,".527","8.4","75.5",".206",2008
"160","15","Denver Nuggets","27.9","0","4",".000","1","3","104.3","117.9","-13.6","97.4",".328",".203",".501",NA,".452","12.5","34.6",".243",NA,".536","10.7","74.1",".240",2008
"161","16","Atlanta Hawks","23.8","3","4",".429","1","6","101.6","115.6","-14.0","85.8",".441",".174",".512",NA,".439","15.7","30.5",".345",NA,".503","10.4","67.3",".206",2008
"162","","League Average","27.9","","","","5","5","107.4","107.4","","88.0",".337",".226",".532",NA,".484","12.6","27.2",".254",NA,".484","12.6","72.8",".254",2008
"163","Rk","Tm","Age","W","L","W/L%","PW","PL","ORtg","DRtg","NRtg","Pace","FTr","3PAr","TS%",NA,"eFG%","TOV%","ORB%","FT/FGA",NA,"eFG%","TOV%","DRB%","FT/FGA",2009
"164","1","Cleveland Cavaliers","27.2","10","4",".714","11","3","112.6","102.7","+9.9","86.1",".383",".263",".556",NA,".507","12.3","27.6",".284",NA,".480","12.5","78.3",".230",2009
"165","2","Denver Nuggets","27.8","10","6",".625","12","4","116.8","107.5","+9.3","92.4",".426",".269",".579",NA,".526","11.5","26.4",".324",NA,".493","14.8","74.7",".326",2009
"166","3","Los Angeles Lakers","27.3","16","7",".696","17","6","111.4","103.5","+7.9","91.1",".342",".229",".553",NA,".508","12.3","27.1",".255",NA,".471","13.7","73.8",".270",2009
"167","4","Orlando Magic","27.3","13","11",".542","14","10","107.3","105.3","+2.0","89.2",".360",".309",".555",NA,".513","13.1","21.6",".260",NA,".488","12.7","77.2",".232",2009
"168","5","Miami Heat","25.6","3","4",".429","4","3","106.7","105.6","+1.1","82.6",".324",".287",".554",NA,".501","14.4","25.2",".265",NA,".464","12.5","73.1",".261",2009
"169","6","Boston Celtics","27.4","7","7",".500","7","7","106.3","106.3","0.0","91.4",".309",".222",".535",NA,".485","12.5","25.1",".245",NA,".493","13.3","77.8",".265",2009
"170","7","Dallas Mavericks","29.1","5","5",".500","5","5","113.0","114.0","-1.0","89.9",".375",".272",".576",NA,".518","12.8","24.7",".305",NA,".525","11.0","77.4",".271",2009
"171","8","Houston Rockets","26.9","7","6",".538","6","7","104.7","106.4","-1.7","87.4",".288",".265",".533",NA,".490","14.2","24.8",".221",NA,".487","11.6","73.7",".210",2009
"172","9","Chicago Bulls","25.5","3","4",".429","3","4","105.9","110.1","-4.2","92.6",".343",".221",".540",NA,".483","13.9","24.3",".277",NA,".495","11.6","73.2",".243",2009
"173","10","Portland Trail Blazers","24.5","2","4",".333","2","4","103.9","110.2","-6.3","83.9",".264",".190",".524",NA,".484","12.0","23.7",".201",NA,".517","12.8","76.1",".222",2009
"174","11","San Antonio Spurs","30.6","1","4",".200","1","4","105.4","112.4","-7.0","85.7",".269",".230",".528",NA,".495","11.4","21.3",".191",NA,".516","12.1","76.6",".274",2009
"175","12","Atlanta Hawks","26.2","4","7",".364","3","8","102.0","110.6","-8.6","82.4",".323",".238",".499",NA,".450","12.6","26.1",".241",NA,".514","14.4","69.8",".263",2009
"176","13","Philadelphia 76ers","26.6","2","4",".333","1","5","100.5","109.2","-8.7","88.0",".276",".211",".526",NA,".492","14.9","21.3",".196",NA,".514","12.9","74.2",".237",2009
"177","14","Utah Jazz","25.6","1","4",".200","1","4","104.2","114.1","-9.9","93.4",".373",".180",".517",NA,".463","13.4","30.4",".277",NA,".546","14.6","73.5",".271",2009
"178","15","Detroit Pistons","28.3","0","4",".000","0","4","93.6","112.2","-18.6","83.3",".188",".159",".468",NA,".429","11.9","19.7",".156",NA,".498","11.7","73.2",".349",2009
"179","16","New Orleans Hornets","28.3","1","4",".200","0","5","93.7","120.7","-27.0","89.8",".399",".262",".510",NA,".439","18.2","22.4",".322",NA,".563","12.3","73.5",".290",2009
"180","","League Average","27.2","","","","5","5","107.7","107.7","","88.7",".341",".249",".544",NA,".496","13.0","24.9",".259",NA,".496","13.0","75.1",".259",2009
"181","Rk","Tm","Age","W","L","W/L%","PW","PL","ORtg","DRtg","NRtg","Pace","FTr","3PAr","TS%",NA,"eFG%","TOV%","ORB%","FT/FGA",NA,"eFG%","TOV%","DRB%","FT/FGA",2010
"182","1","Orlando Magic","28.0","10","4",".714","11","3","110.8","100.9","+9.9","86.5",".426",".380",".574",NA,".533","14.0","24.8",".299",NA,".458","13.6","77.3",".269",2010
"183","2","Phoenix Suns","28.9","10","6",".625","10","6","117.8","112.7","+5.1","90.9",".353",".307",".582",NA,".536","12.0","27.4",".273",NA,".512","11.1","72.6",".242",2010
"184","3","Los Angeles Lakers","29.0","16","7",".696","15","8","112.8","108.6","+4.2","89.6",".320",".255",".546",NA,".502","11.9","30.9",".241",NA,".475","12.0","72.4",".277",2010
"185","4","Boston Celtics","29.4","15","9",".625","14","10","104.8","101.7","+3.1","89.2",".341",".211",".539",NA,".491","13.8","23.1",".258",NA,".473","15.2","74.6",".285",2010
"186","5","Cleveland Cavaliers","29.2","6","5",".545","6","5","108.2","106.8","+1.4","92.6",".420",".277",".568",NA,".517","14.5","22.1",".311",NA,".481","11.0","75.7",".240",2010
"187","6","Dallas Mavericks","31.2","2","4",".333","3","3","105.1","105.6","-0.5","88.4",".294",".244",".518",NA,".468","12.7","28.1",".233",NA,".486","12.3","74.0",".224",2010
"188","7","Denver Nuggets","27.5","2","4",".333","3","3","113.9","115.1","-1.2","96.0",".469",".231",".577",NA,".517","12.6","25.8",".359",NA,".548","13.5","76.9",".357",2010
"189","8","Oklahoma City Thunder","22.9","2","4",".333","3","3","103.6","105.4","-1.8","90.6",".412",".236",".506",NA,".426","11.9","26.7",".344",NA,".488","12.4","73.6",".196",2010
"190","9","Utah Jazz","24.8","4","6",".400","4","6","114.0","116.4","-2.4","93.9",".421",".219",".568",NA,".520","12.3","26.5",".307",NA,".522","12.1","71.0",".327",2010
"191","10","San Antonio Spurs","29.1","4","6",".400","4","6","105.7","109.4","-3.7","90.9",".339",".181",".533",NA,".494","12.3","24.0",".236",NA,".499","12.7","73.6",".245",2010
"192","11","Milwaukee Bucks","27.8","3","4",".429","3","4","105.0","109.3","-4.3","85.7",".250",".268",".510",NA,".465","12.3","27.9",".201",NA,".482","11.9","66.9",".201",2010
"193","12","Atlanta Hawks","26.3","4","7",".364","3","8","104.3","112.2","-7.9","85.8",".276",".171",".501",NA,".453","11.6","29.8",".217",NA,".515","12.3","72.4",".224",2010
"194","13","Miami Heat","27.0","1","4",".200","1","4","96.2","105.2","-9.0","91.1",".241",".236",".513",NA,".479","17.3","22.6",".176",NA,".523","15.6","79.2",".266",2010
"195","14","Chicago Bulls","25.6","1","4",".200","1","4","105.0","115.0","-10.0","92.4",".265",".125",".504",NA,".457","9.4","25.0",".211",NA,".558","13.2","77.0",".249",2010
"196","15","Charlotte Bobcats","27.6","0","4",".000","1","3","100.2","111.0","-10.8","85.4",".362",".241",".523",NA,".477","15.9","23.0",".259",NA,".522","13.3","75.2",".335",2010
"197","16","Portland Trail Blazers","26.6","2","4",".333","1","5","106.5","118.3","-11.8","87.3",".364",".217",".522",NA,".471","11.0","26.5",".269",NA,".536","12.4","71.0",".247",2010
"198","","League Average","28.0","","","","5","5","108.6","108.6","","89.7",".349",".244",".543",NA,".496","12.8","26.3",".262",NA,".496","12.8","73.7",".262",2010
"199","Rk","Tm","Age","W","L","W/L%","PW","PL","ORtg","DRtg","NRtg","Pace","FTr","3PAr","TS%",NA,"eFG%","TOV%","ORB%","FT/FGA",NA,"eFG%","TOV%","DRB%","FT/FGA",2011
"200","1","Dallas Mavericks","31.6","16","5",".762","15","6","112.9","106.3","+6.6","86.6",".339",".297",".571",NA,".519","13.0","25.1",".274",NA,".482","13.5","71.7",".245",2011
"201","2","Chicago Bulls","26.0","9","7",".563","11","5","105.8","100.9","+4.9","86.9",".288",".238",".510",NA,".461","13.1","32.3",".226",NA,".462","13.9","76.1",".256",2011
"202","3","Miami Heat","28.0","14","7",".667","13","8","106.4","103.4","+3.0","86.3",".379",".244",".542",NA,".485","13.9","26.0",".295",NA,".475","13.0","75.4",".215",2011
"203","4","Orlando Magic","27.2","2","4",".333","3","3","102.4","100.3","+2.1","86.6",".367",".310",".503",NA,".449","12.7","28.9",".270",NA,".465","13.1","76.6",".205",2011
"204","5","Oklahoma City Thunder","23.8","9","8",".529","10","7","109.5","107.5","+2.0","90.8",".393",".250",".548",NA,".482","14.2","31.3",".321",NA,".460","11.4","74.4",".305",2011
"205","6","Boston Celtics","29.9","5","4",".556","5","4","105.1","103.6","+1.5","89.1",".262",".208",".552",NA,".514","15.4","23.6",".204",NA,".466","14.2","72.1",".276",2011
"206","7","Memphis Grizzlies","26.2","7","6",".538","6","7","105.4","106.1","-0.7","90.0",".335",".144",".512",NA,".460","11.9","28.1",".255",NA,".482","14.3","72.2",".289",2011
"207","8","Los Angeles Lakers","30.1","4","6",".400","5","5","107.8","109.3","-1.5","86.5",".315",".213",".526",NA,".477","12.4","30.8",".244",NA,".524","13.7","78.8",".245",2011
"208","9","San Antonio Spurs","29.7","2","4",".333","2","4","102.2","105.6","-3.4","90.8",".369",".235",".526",NA,".471","13.8","23.6",".281",NA,".498","13.1","76.8",".238",2011
"209","10","Atlanta Hawks","26.7","6","6",".500","4","8","100.4","105.5","-5.1","85.9",".289",".184",".505",NA,".464","12.7","22.9",".210",NA,".470","12.4","70.6",".233",2011
"210","11","Denver Nuggets","26.4","1","4",".200","2","3","103.4","108.5","-5.1","94.2",".468",".239",".525",NA,".468","11.6","17.2",".330",NA,".468","12.5","70.8",".343",2011
"211","12","Portland Trail Blazers","27.6","2","4",".333","2","4","106.3","112.5","-6.2","83.0",".294",".228",".534",NA,".487","12.2","24.4",".230",NA,".507","12.5","71.5",".253",2011
"212","13","Indiana Pacers","25.4","1","4",".200","1","4","100.2","108.5","-8.3","90.0",".304",".192",".496",NA,".445","14.3","29.1",".234",NA,".461","14.8","63.2",".291",2011
"213","14","New Orleans Hornets","26.0","2","4",".333","2","4","104.7","113.1","-8.4","85.3",".360",".195",".537",NA,".488","13.4","21.2",".267",NA,".500","12.9","67.7",".295",2011
"214","15","Philadelphia 76ers","24.6","1","4",".200","1","4","100.7","109.3","-8.6","86.0",".213",".201",".485",NA,".453","10.6","23.9",".154",NA,".462","11.3","69.1",".303",2011
"215","16","New York Knicks","26.7","0","4",".000","1","3","99.0","108.2","-9.2","91.7",".298",".286",".483",NA,".435","14.0","30.7",".223",NA,".520","15.7","69.3",".174",2011
"216","","League Average","27.5","","","","5","5","106.0","106.0","","87.8",".334",".231",".529",NA,".478","13.2","26.9",".258",NA,".478","13.2","73.1",".258",2011
"217","Rk","Tm","Age","W","L","W/L%","PW","PL","ORtg","DRtg","NRtg","Pace","FTr","3PAr","TS%",NA,"eFG%","TOV%","ORB%","FT/FGA",NA,"eFG%","TOV%","DRB%","FT/FGA",2012
"218","1","Miami Heat","28.8","16","7",".696","17","6","109.6","101.6","+8.0","88.0",".364",".258",".552",NA,".505","12.8","26.1",".271",NA,".466","14.0","74.0",".229",2012
"219","2","San Antonio Spurs","28.9","10","4",".714","10","4","110.3","103.9","+6.4","92.4",".290",".287",".574",NA,".541","13.8","21.8",".212",NA,".480","12.6","74.8",".216",2012
"220","3","Oklahoma City Thunder","25.7","13","7",".650","13","7","111.8","107.4","+4.4","90.6",".306",".240",".558",NA,".508","11.3","23.6",".251",NA,".491","13.7","74.7",".262",2012
"221","4","Indiana Pacers","26.4","6","5",".545","6","5","102.4","100.9","+1.5","88.0",".289",".225",".507",NA,".461","14.4","29.8",".223",NA,".469","13.2","75.2",".217",2012
"222","5","Boston Celtics","30.1","11","9",".550","11","9","100.4","99.2","+1.2","87.8",".280",".211",".516",NA,".468","13.0","20.1",".224",NA,".464","13.4","75.1",".203",2012
"223","6","Memphis Grizzlies","26.1","3","4",".429","4","3","102.8","102.0","+0.8","87.7",".403",".155",".509",NA,".449","14.7","32.6",".300",NA,".493","15.0","75.9",".244",2012
"224","7","Denver Nuggets","26.0","3","4",".429","4","3","107.1","106.6","+0.5","90.3",".227",".213",".492",NA,".460","10.2","33.0",".163",NA,".461","11.0","66.7",".186",2012
"225","8","Philadelphia 76ers","24.7","7","6",".538","6","7","96.9","98.3","-1.4","88.5",".312",".168",".482",NA,".436","11.5","23.9",".225",NA,".459","14.1","76.8",".198",2012
"226","9","Chicago Bulls","27.8","2","4",".333","3","3","95.7","97.6","-1.9","88.1",".229",".157",".475",NA,".448","13.9","26.8",".149",NA,".428","9.9","78.2",".248",2012
"227","10","Los Angeles Lakers","28.5","5","7",".417","4","8","105.4","110.0","-4.6","89.2",".285",".207",".502",NA,".454","11.8","31.0",".221",NA,".474","9.7","69.7",".200",2012
"228","11","Los Angeles Clippers","26.8","4","7",".364","4","7","101.3","106.5","-5.2","88.9",".315",".217",".530",NA,".499","14.7","22.2",".210",NA,".491","14.5","71.0",".268",2012
"229","12","Atlanta Hawks","28.1","2","4",".333","2","4","91.8","97.1","-5.3","87.9",".204",".237",".475",NA,".438","15.1","22.6",".160",NA,".461","13.0","82.3",".211",2012
"230","13","Dallas Mavericks","32.6","0","4",".000","1","3","102.9","110.1","-7.2","90.6",".343",".276",".519",NA,".455","13.9","24.7",".285",NA,".520","12.8","80.5",".265",2012
"231","14","Orlando Magic","27.8","1","4",".200","1","4","94.8","107.0","-12.2","86.6",".244",".316",".486",NA,".452","14.0","22.6",".172",NA,".480","13.3","68.4",".196",2012
"232","15","New York Knicks","27.9","1","4",".200","1","4","95.2","111.3","-16.1","86.9",".297",".248",".499",NA,".451","18.1","30.1",".226",NA,".511","13.7","74.1",".315",2012
"233","16","Utah Jazz","25.0","0","4",".000","0","4","93.9","111.3","-17.4","91.9",".306",".131",".443",NA,".395","12.2","32.0",".216",NA,".533","11.6","80.7",".213",2012
"234","","League Average","27.6","","","","5","5","103.6","103.6","","89.0",".300",".225",".520",NA,".476","13.1","25.6",".226",NA,".476","13.1","74.4",".226",2012
"235","Rk","Tm","Age","W","L","W/L%","PW","PL","ORtg","DRtg","NRtg","Pace","FTr","3PAr","TS%",NA,"eFG%","TOV%","ORB%","FT/FGA",NA,"eFG%","TOV%","DRB%","FT/FGA",2013
"236","1","San Antonio Spurs","28.7","15","6",".714","15","6","108.7","101.1","+7.6","89.6",".261",".253",".547",NA,".511","12.3","23.3",".199",NA,".475","12.8","73.8",".162",2013
"237","2","Miami Heat","30.1","16","7",".696","17","6","110.2","102.9","+7.3","87.3",".303",".264",".559",NA,".518","13.1","25.2",".232",NA,".480","15.6","71.1",".237",2013
"238","3","New York Knicks","29.6","6","6",".500","7","5","101.4","98.3","+3.1","86.6",".222",".288",".498",NA,".460","11.5","24.2",".174",NA,".470","17.1","76.5",".276",2013
"239","4","Brooklyn Nets","28.5","3","4",".429","4","3","107.8","105.6","+2.2","88.3",".304",".232",".524",NA,".479","10.9","27.4",".230",NA,".497","12.4","74.0",".171",2013
"240","5","Oklahoma City Thunder","26.9","5","6",".455","6","5","105.1","103.7","+1.4","92.8",".295",".303",".534",NA,".479","12.9","23.0",".247",NA,".468","12.5","76.0",".254",2013
"241","6","Memphis Grizzlies","27.9","8","7",".533","8","7","105.0","104.3","+0.7","88.4",".357",".182",".502",NA,".447","10.2","27.2",".267",NA,".493","13.8","77.5",".219",2013
"242","7","Golden State Warriors","24.6","6","6",".500","6","6","106.4","106.2","+0.2","94.0",".258",".265",".546",NA,".513","14.9","27.5",".190",NA,".483","11.9","75.0",".234",2013
"243","8","Indiana Pacers","25.6","11","8",".579","10","9","104.5","104.4","+0.1","87.3",".384",".258",".528",NA,".475","15.9","32.4",".284",NA,".473","11.4","76.8",".222",2013
"244","9","Denver Nuggets","26.4","2","4",".333","2","4","105.9","110.2","-4.3","97.2",".350",".265",".526",NA,".479","12.9","26.3",".255",NA,".554","17.0","72.9",".209",2013
"245","10","Atlanta Hawks","27.3","2","4",".333","2","4","98.0","103.6","-5.6","91.2",".338",".241",".503",NA,".462","12.0","18.6",".231",NA,".455","14.4","70.0",".284",2013
"246","11","Boston Celtics","29.7","2","4",".333","2","4","92.9","98.9","-6.0","87.1",".312",".300",".525",NA,".463","18.1","14.0",".268",NA,".462","12.7","76.3",".170",2013
"247","12","Houston Rockets","25.4","2","4",".333","2","4","105.3","111.4","-6.1","95.0",".342",".416",".537",NA,".496","14.5","24.8",".243",NA,".511","12.0","77.2",".258",2013
"248","13","Los Angeles Clippers","29.1","2","4",".333","2","4","107.5","113.8","-6.3","88.0",".314",".254",".552",NA,".506","13.5","24.3",".246",NA,".486","10.2","73.3",".344",2013
"249","14","Chicago Bulls","27.5","5","7",".417","3","9","102.5","110.0","-7.5","87.4",".287",".213",".511",NA,".472","13.7","28.4",".206",NA,".501","11.9","74.5",".255",2013
"250","15","Milwaukee Bucks","26.1","0","4",".000","0","4","94.0","110.3","-16.3","90.7",".264",".300",".498",NA,".472","15.9","21.1",".166",NA,".544","16.5","70.7",".255",2013
"251","16","Los Angeles Lakers","29.2","0","4",".000","0","4","92.5","112.9","-20.4","92.1",".237",".237",".495",NA,".474","16.1","20.2",".144",NA,".527","9.8","78.3",".185",2013
"252","","League Average","27.8","","","","5","5","104.8","104.8","","89.5",".303",".259",".529",NA,".486","13.3","25.4",".227",NA,".486","13.3","74.6",".227",2013
"253","Rk","Tm","Age","W","L","W/L%","PW","PL","ORtg","DRtg","NRtg","Pace","FTr","3PAr","TS%",NA,"eFG%","TOV%","ORB%","FT/FGA",NA,"eFG%","TOV%","DRB%","FT/FGA",2014
"254","1","San Antonio Spurs","29.6","16","7",".696","18","5","114.2","104.2","+10.0","92.7",".291",".267",".583",NA,".546","12.1","23.6",".223",NA,".492","13.4","77.2",".197",2014
"255","2","Los Angeles Clippers","28.2","6","7",".462","7","6","113.3","111.3","+2.0","96.0",".334",".302",".555",NA,".515","11.4","26.2",".244",NA,".521","14.9","70.4",".272",2014
"256","3","Miami Heat","31.1","13","7",".650","11","9","112.8","110.8","+2.0","86.2",".305",".326",".594",NA,".555","12.9","17.1",".238",NA,".539","14.2","75.3",".220",2014
"257","4","Washington Wizards","26.8","6","5",".545","6","5","102.0","100.9","+1.1","87.8",".285",".211",".504",NA,".468","12.5","27.9",".198",NA,".471","12.7","79.7",".227",2014
"258","5","Houston Rockets","25.2","2","4",".333","3","3","114.8","114.4","+0.4","92.7",".325",".280",".534",NA,".490","11.7","35.3",".242",NA,".507","10.6","72.8",".258",2014
"259","6","Atlanta Hawks","27.9","3","4",".429","3","4","101.9","103.0","-1.1","90.7",".316",".417",".515",NA,".456","13.1","20.4",".261",NA,".500","14.6","76.2",".220",2014
"260","7","Indiana Pacers","27.1","10","9",".526","9","10","103.7","104.8","-1.1","88.3",".314",".258",".540",NA,".500","13.8","21.1",".228",NA,".493","13.6","77.0",".218",2014
"261","8","Oklahoma City Thunder","26.6","10","9",".526","9","10","108.1","109.2","-1.1","92.3",".327",".287",".551",NA,".496","14.0","27.1",".268",NA,".485","10.5","74.2",".212",2014
"262","9","Brooklyn Nets","30.7","5","7",".417","5","7","110.5","112.0","-1.5","86.4",".330",".302",".555",NA,".514","12.5","25.1",".243",NA,".516","13.3","77.0",".306",2014
"263","10","Toronto Raptors","25.2","3","4",".429","3","4","108.2","110.0","-1.8","88.8",".391",".283",".553",NA,".486","15.0","26.8",".326",NA,".506","11.8","77.0",".291",2014
"264","11","Dallas Mavericks","31.3","3","4",".429","3","4","110.0","112.1","-2.1","92.0",".217",".259",".532",NA,".500","10.7","26.4",".166",NA,".542","13.4","76.6",".245",2014
"265","12","Golden State Warriors","26.2","3","4",".429","3","4","110.2","114.8","-4.6","96.6",".335",".316",".558",NA,".518","15.3","30.8",".244",NA,".529","12.9","72.1",".290",2014
"266","13","Chicago Bulls","28.6","1","4",".200","2","3","103.0","108.3","-5.3","85.6",".290",".244",".508",NA,".463","13.0","27.9",".219",NA,".479","10.2","72.2",".225",2014
"267","14","Memphis Grizzlies","29.7","3","4",".429","2","5","102.8","108.5","-5.7","88.8",".293",".173",".486",NA,".442","10.1","27.0",".214",NA,".483","14.1","69.0",".263",2014
"268","15","Portland Trail Blazers","25.8","5","6",".455","3","8","107.2","113.6","-6.4","94.6",".281",".260",".529",NA,".482","12.3","26.1",".224",NA,".508","10.4","70.6",".208",2014
"269","16","Charlotte Hornets","25.5","0","4",".000","1","3","101.5","112.3","-10.8","90.6",".312",".282",".537",NA,".500","14.9","20.8",".223",NA,".539","10.7","85.7",".260",2014
"270","","League Average","28.2","","","","6","6","108.7","108.7","","90.6",".308",".279",".548",NA,".505","12.8","24.9",".235",NA,".505","12.8","75.1",".235",2014
"271","Rk","Tm","Age","W","L","W/L%","PW","PL","ORtg","DRtg","NRtg","Pace","FTr","3PAr","TS%",NA,"eFG%","TOV%","ORB%","FT/FGA",NA,"eFG%","TOV%","DRB%","FT/FGA",2015
"272","1","Golden State Warriors","26.4","16","5",".762","16","5","108.7","100.5","+8.2","93.7",".263",".362",".550",NA,".521","13.5","26.2",".184",NA,".458","13.1","75.3",".228",2015
"273","2","Cleveland Cavaliers","26.6","14","6",".700","13","7","107.4","103.1","+4.3","90.7",".325",".347",".524",NA,".479","12.0","28.1",".240",NA,".467","11.1","77.5",".209",2015
"274","3","Washington Wizards","27.5","6","4",".600","6","4","105.8","101.7","+4.1","94.6",".280",".276",".533",NA,".497","13.3","26.8",".202",NA,".470","12.2","77.2",".177",2015
"275","4","Chicago Bulls","28.7","6","6",".500","7","5","104.4","100.7","+3.7","90.4",".257",".294",".515",NA,".474","13.1","26.8",".199",NA,".452","11.8","74.3",".198",2015
"276","5","Los Angeles Clippers","28.8","7","7",".500","8","6","108.4","107.1","+1.3","98.7",".361",".300",".548",NA,".515","11.8","21.3",".241",NA,".505","12.5","75.0",".250",2015
"277","6","San Antonio Spurs","30.3","3","4",".429","4","3","107.8","107.3","+0.5","94.5",".298",".307",".536",NA,".505","11.2","24.8",".203",NA,".509","11.5","78.6",".224",2015
"278","7","Atlanta Hawks","27.7","8","8",".500","8","8","103.4","103.6","-0.2","93.5",".227",".335",".521",NA,".484","11.9","21.6",".178",NA,".486","12.9","74.7",".184",2015
"279","8","Memphis Grizzlies","30.3","6","5",".545","5","6","103.0","104.4","-1.4","91.9",".270",".166",".503",NA,".451","10.5","23.7",".225",NA,".501","14.1","77.2",".192",2015
"280","9","Houston Rockets","28.8","9","8",".529","7","10","106.6","109.0","-2.4","101.5",".440",".330",".544",NA,".505","13.5","23.8",".288",NA,".514","12.5","74.4",".210",2015
"281","10","Dallas Mavericks","30.4","1","4",".200","2","3","107.9","112.0","-4.1","101.9",".274",".265",".534",NA,".493","12.1","28.1",".209",NA,".520","12.4","75.1",".291",2015
"282","11","Brooklyn Nets","28.6","2","4",".333","2","4","100.8","106.5","-5.7","94.0",".251",".289",".522",NA,".486","13.4","21.0",".186",NA,".505","12.3","77.8",".161",2015
"283","12","Portland Trail Blazers","25.9","1","4",".200","1","4","101.9","109.3","-7.4","92.0",".258",".313",".504",NA,".455","11.1","22.2",".213",NA,".465","7.9","78.1",".254",2015
"284","13","New Orleans Pelicans","25.1","0","4",".000","1","3","106.8","115.2","-8.4","92.0",".264",".252",".536",NA,".491","12.6","24.9",".214",NA,".516","11.0","69.1",".211",2015
"285","14","Boston Celtics","24.6","0","4",".000","1","3","101.5","111.5","-10.0","93.3",".308",".260",".504",NA,".453","12.6","22.2",".239",NA,".498","11.8","71.9",".303",2015
"286","15","Milwaukee Bucks","24.8","2","4",".333","1","5","91.8","104.6","-12.8","93.1",".236",".206",".455",NA,".419","11.9","23.9",".166",NA,".504","15.7","73.5",".200",2015
"287","16","Toronto Raptors","25.9","0","4",".000","1","3","99.3","113.7","-14.4","94.5",".241",".283",".493",NA,".459","10.9","19.0",".173",NA,".547","13.3","73.0",".250",2015
"288","","League Average","27.7","","","","5","5","105.3","105.3","","94.4",".296",".302",".526",NA,".487","12.4","24.5",".214",NA,".487","12.4","75.5",".214",2015
"289","Rk","Tm","Age","W","L","W/L%","PW","PL","ORtg","DRtg","NRtg","Pace","FTr","3PAr","TS%",NA,"eFG%","TOV%","ORB%","FT/FGA",NA,"eFG%","TOV%","DRB%","FT/FGA",2016
"290","1","San Antonio Spurs","30.7","6","4",".600","8","2","111.0","101.1","+9.9","91.9",".248",".232",".557",NA,".519","11.2","20.3",".199",NA,".467","14.2","71.7",".208",2016
"291","2","Cleveland Cavaliers","28.0","16","5",".762","16","5","115.5","106.0","+9.5","90.7",".267",".370",".573",NA,".544","12.0","26.8",".193",NA,".510","12.8","79.0",".189",2016
"292","3","Oklahoma City Thunder","25.6","11","7",".611","12","6","111.8","106.2","+5.6","95.2",".326",".295",".551",NA,".501","12.6","29.6",".256",NA,".499","11.5","78.7",".191",2016
"293","4","Golden State Warriors","27.4","15","9",".625","15","9","110.5","106.1","+4.4","97.0",".272",".379",".562",NA,".529","12.7","23.9",".200",NA,".481","13.1","72.4",".226",2016
"294","5","Miami Heat","28.7","7","7",".500","9","5","105.1","101.7","+3.4","90.2",".264",".238",".539",NA,".500","12.8","23.0",".202",NA,".451","10.4","80.5",".241",2016
"295","6","Indiana Pacers","26.4","3","4",".429","4","3","105.5","103.9","+1.6","88.8",".319",".284",".549",NA,".495","14.5","23.5",".261",NA,".437","12.8","67.2",".246",2016
"296","7","Los Angeles Clippers","29.3","2","4",".333","3","3","104.9","103.9","+1.0","93.7",".345",".229",".502",NA,".471","9.0","23.5",".216",NA,".467","12.0","71.3",".193",2016
"297","8","Atlanta Hawks","28.3","4","6",".400","5","5","103.5","104.5","-1.0","95.7",".242",".375",".533",NA,".494","13.3","20.7",".192",NA,".487","12.7","75.0",".175",2016
"298","9","Portland Trail Blazers","24.8","5","6",".455","5","6","108.1","110.7","-2.6","96.2",".287",".351",".523",NA,".483","11.5","26.6",".212",NA,".507","10.1","75.5",".220",2016
"299","10","Toronto Raptors","26.1","10","10",".500","7","13","102.8","107.5","-4.7","89.4",".301",".282",".507",NA,".463","12.4","25.1",".222",NA,".514","13.6","77.3",".237",2016
"300","11","Boston Celtics","25.0","2","4",".333","2","4","93.8","100.5","-6.7","98.3",".235",".352",".475",NA,".432","12.9","21.5",".184",NA,".481","13.3","80.6",".191",2016
"301","12","Charlotte Hornets","26.9","3","4",".429","1","6","99.2","109.0","-9.8","91.0",".309",".231",".494",NA,".432","9.4","15.9",".259",NA,".517","11.8","75.9",".186",2016
"302","13","Detroit Pistons","24.1","0","4",".000","1","3","109.4","119.2","-9.8","86.8",".292",".309",".559",NA,".537","11.0","18.4",".189",NA,".546","8.6","75.5",".147",2016
"303","14","Houston Rockets","28.5","1","4",".200","0","5","92.7","111.8","-19.1","98.4",".320",".332",".467",NA,".430","16.3","29.9",".206",NA,".552","12.9","77.1",".199",2016
"304","15","Dallas Mavericks","30.4","1","4",".200","0","5","102.1","122.0","-19.9","91.8",".298",".264",".511",NA,".474","11.4","21.5",".207",NA,".537","12.0","65.5",".278",2016
"305","16","Memphis Grizzlies","30.8","0","4",".000","0","4","90.9","115.6","-24.7","89.1",".215",".197",".455",NA,".423","14.8","28.8",".151",NA,".552","13.7","77.3",".246",2016
"306","","League Average","27.4","","","","6","5","106.7","106.7","","93.0",".283",".310",".534",NA,".495","12.4","24.4",".212",NA,".495","12.4","75.6",".212",2016
"307","Rk","Tm","Age","W","L","W/L%","PW","PL","ORtg","DRtg","NRtg","Pace","FTr","3PAr","TS%",NA,"eFG%","TOV%","ORB%","FT/FGA",NA,"eFG%","TOV%","DRB%","FT/FGA",2017
"308","1","Golden State Warriors","28.3","16","1",".941","14","3","119.0","105.5","+13.5","100.3",".292",".378",".608",NA,".567","12.2","22.4",".238",NA,".487","12.3","76.6",".212",2017
"309","2","Cleveland Cavaliers","29.3","13","5",".722","13","5","120.3","112.1","+8.2","96.6",".316",".408",".614",NA,".579","12.1","23.6",".242",NA,".521","11.9","76.1",".189",2017
"310","3","Houston Rockets","28.1","6","5",".545","6","5","110.7","109.5","+1.2","96.4",".304",".452",".559",NA,".514","12.7","22.7",".240",NA,".502","11.1","71.7",".187",2017
"311","4","San Antonio Spurs","29.5","8","8",".500","9","7","113.4","112.3","+1.1","93.2",".277",".282",".551",NA,".512","11.6","29.1",".214",NA,".539","13.1","78.5",".208",2017
"312","5","Washington Wizards","26.1","7","6",".538","7","6","110.9","110.9","0.0","96.7",".281",".302",".549",NA,".505","12.3","26.6",".223",NA,".525","13.3","76.2",".244",2017
"313","6","Milwaukee Bucks","25.0","2","4",".333","3","3","103.0","103.7","-0.7","90.5",".267",".277",".533",NA,".503","13.2","19.1",".186",NA,".494","14.4","80.6",".279",2017
"314","7","Atlanta Hawks","27.2","2","4",".333","3","3","107.3","108.5","-1.2","98.4",".343",".323",".542",NA,".493","14.1","26.4",".262",NA,".502","11.8","77.3",".227",2017
"315","8","Los Angeles Clippers","30.9","3","4",".429","3","4","108.8","110.0","-1.2","89.8",".312",".304",".558",NA,".526","12.2","19.9",".217",NA,".542","12.4","82.1",".223",2017
"316","9","Boston Celtics","25.9","9","9",".500","7","11","111.4","114.5","-3.1","93.9",".242",".410",".566",NA,".532","12.6","22.2",".187",NA,".531","13.1","71.5",".227",2017
"317","10","Indiana Pacers","26.4","0","4",".000","2","2","114.7","118.9","-4.2","94.8",".247",".330",".564",NA,".530","12.1","28.3",".190",NA,".565","11.9","75.2",".233",2017
"318","11","Utah Jazz","27.8","4","7",".364","4","7","106.2","111.3","-5.1","92.1",".298",".331",".552",NA,".515","12.0","16.7",".218",NA,".533","11.4","81.3",".224",2017
"319","12","Toronto Raptors","26.9","4","6",".400","3","7","103.8","109.9","-6.1","93.1",".283",".296",".541",NA,".493","12.6","17.3",".230",NA,".539","13.2","81.3",".222",2017
"320","13","Chicago Bulls","26.6","2","4",".333","2","4","104.8","112.2","-7.4","92.1",".240",".285",".529",NA,".483","14.4","29.6",".204",NA,".534","11.8","78.5",".163",2017
"321","14","Oklahoma City Thunder","25.3","1","4",".200","1","4","105.7","114.4","-8.7","98.6",".309",".309",".525",NA,".490","11.4","26.0",".213",NA,".513","13.1","74.8",".320",2017
"322","15","Memphis Grizzlies","29.7","2","4",".333","1","5","110.3","119.8","-9.5","85.8",".263",".313",".559",NA,".510","11.6","20.3",".229",NA,".545","11.4","73.9",".266",2017
"323","16","Portland Trail Blazers","24.8","0","4",".000","0","4","99.3","116.9","-17.6","102.3",".271",".380",".507",NA,".458","13.2","20.6",".218",NA,".556","11.1","81.0",".258",2017
"324","","League Average","27.7","","","","5","5","111.3","111.3","","94.9",".285",".348",".563",NA,".523","12.4","23.2",".221",NA,".523","12.4","76.8",".221",2017
"325","Rk","Tm","Age","W","L","W/L%","PW","PL","ORtg","DRtg","NRtg","Pace","FTr","3PAr","TS%",NA,"eFG%","TOV%","ORB%","FT/FGA",NA,"eFG%","TOV%","DRB%","FT/FGA",2018
"326","1","Golden State Warriors","28.4","16","5",".762","17","4","113.9","103.6","+10.3","96.5",".237",".365",".581",NA,".545","11.9","21.8",".195",NA,".481","12.3","77.6",".186",2018
"327","2","Indiana Pacers","26.2","3","4",".429","5","2","110.9","104.6","+6.3","90.7",".241",".339",".567",NA,".542","12.9","21.6",".171",NA,".503","14.3","77.7",".238",2018
"328","3","Philadelphia 76ers","26.5","5","5",".500","6","4","110.4","106.5","+3.9","97.5",".320",".331",".539",NA,".493","12.6","29.1",".243",NA,".514","12.7","80.8",".232",2018
"329","4","Houston Rockets","29.8","11","6",".647","10","7","109.6","107.7","+1.9","95.7",".261",".466",".552",NA,".514","11.3","20.0",".201",NA,".530","13.2","80.1",".188",2018
"330","5","Boston Celtics","24.8","11","8",".579","10","9","107.7","107.0","+0.7","93.1",".283",".367",".541",NA,".500","11.1","20.4",".217",NA,".518","12.9","79.5",".202",2018
"331","6","Milwaukee Bucks","25.3","3","4",".429","3","4","108.8","109.4","-0.6","92.3",".254",".328",".585",NA,".561","13.1","14.7",".179",NA,".503","12.1","75.5",".219",2018
"332","7","New Orleans Pelicans","26.8","5","4",".556","4","5","107.1","107.8","-0.7","102.7",".204",".301",".562",NA,".533","12.9","17.7",".160",NA,".514","12.0","78.8",".169",2018
"333","8","Cleveland Cavaliers","30.3","12","10",".545","10","12","109.4","111.2","-1.8","91.6",".282",".370",".550",NA,".512","12.1","23.5",".212",NA,".529","11.5","79.4",".195",2018
"334","9","Washington Wizards","27.0","2","4",".333","3","3","110.3","112.3","-2.0","97.2",".274",".256",".561",NA,".513","12.4","21.2",".233",NA,".539","13.1","78.1",".239",2018
"335","10","Utah Jazz","25.6","5","6",".455","5","6","104.7","106.9","-2.2","97.8",".284",".361",".549",NA,".520","14.3","20.8",".195",NA,".505","11.6","80.8",".196",2018
"336","11","Oklahoma City Thunder","27.9","2","4",".333","2","4","103.5","107.9","-4.4","97.8",".245",".333",".528",NA,".490","12.7","20.8",".189",NA,".521","13.7","75.4",".212",2018
"337","12","Toronto Raptors","26.2","4","6",".400","4","6","112.0","116.6","-4.6","94.8",".290",".324",".578",NA,".536","13.1","23.2",".232",NA,".541","10.5","79.1",".217",2018
"338","13","Portland Trail Blazers","25.6","0","4",".000","1","3","106.9","116.0","-9.1","98.7",".173",".354",".539",NA,".512","12.9","23.9",".135",NA,".582","13.0","81.1",".203",2018
"339","14","Minnesota Timberwolves","27.6","1","4",".200","1","4","107.0","116.2","-9.2","95.0",".276",".264",".548",NA,".515","12.0","20.1",".201",NA,".531","7.9","80.3",".193",2018
"340","15","San Antonio Spurs","30.2","1","4",".200","1","4","103.7","113.1","-9.4","93.3",".274",".337",".515",NA,".463","10.5","18.5",".229",NA,".535","12.9","73.7",".205",2018
"341","16","Miami Heat","27.5","1","4",".200","1","4","103.0","113.7","-10.7","100.4",".345",".333",".542",NA,".507","14.4","20.7",".234",NA,".514","13.6","70.4",".279",2018
"342","","League Average","27.5","","","","5","5","108.9","108.9","","95.4",".267",".355",".555",NA,".518","12.3","21.4",".204",NA,".518","12.3","78.6",".204",2018
"343","Rk","Tm","Age","W","L","W/L%","PW","PL","ORtg","DRtg","NRtg","Pace","FTr","3PAr","TS%",NA,"eFG%","TOV%","ORB%","FT/FGA",NA,"eFG%","TOV%","DRB%","FT/FGA",2019
"344","1","Milwaukee Bucks","27.6","10","5",".667","11","4","111.1","102.5","+8.6","100.1",".317",".431",".560",NA,".523","11.3","21.5",".231",NA,".474","10.8","83.0",".207",2019
"345","2","Toronto Raptors","28.4","16","8",".667","16","8","110.0","104.4","+5.6","96.0",".275",".406",".561",NA,".514","11.2","18.9",".228",NA,".491","14.0","77.7",".233",2019
"346","3","Golden State Warriors","29.1","14","8",".636","13","9","115.3","111.9","+3.4","98.1",".282",".380",".589",NA,".548","13.3","24.8",".230",NA,".522","13.1","76.6",".243",2019
"347","4","Houston Rockets","29.5","6","5",".545","7","4","110.9","107.6","+3.3","97.0",".290",".510",".574",NA,".537","14.3","23.1",".221",NA,".499","12.9","75.0",".217",2019
"348","5","Philadelphia 76ers","27.2","7","5",".583","7","5","109.9","106.8","+3.1","98.9",".301",".331",".559",NA,".514","14.4","27.2",".238",NA,".488","11.4","79.5",".246",2019
"349","6","Denver Nuggets","25.4","7","7",".500","8","6","114.4","112.5","+1.9","92.6",".279",".308",".538",NA,".495","8.7","27.3",".218",NA,".497","8.8","74.8",".212",2019
"350","7","Boston Celtics","26.2","5","4",".556","4","5","102.2","103.6","-1.4","99.9",".288",".392",".539",NA,".491","13.5","16.6",".231",NA,".491","10.9","82.4",".199",2019
"351","8","Portland Trail Blazers","26.6","8","8",".500","7","9","110.6","112.0","-1.4","96.0",".274",".363",".541",NA,".501","11.3","24.4",".210",NA,".503","11.3","72.4",".234",2019
"352","9","San Antonio Spurs","28.3","3","4",".429","3","4","112.4","114.5","-2.1","91.9",".270",".233",".542",NA,".503","8.1","24.2",".208",NA,".516","8.7","76.8",".177",2019
"353","10","Oklahoma City Thunder","26.2","1","4",".200","2","3","105.4","111.2","-5.8","99.9",".295",".365",".541",NA,".500","13.5","22.7",".223",NA,".519","12.7","75.7",".209",2019
"354","11","Indiana Pacers","27.7","0","4",".000","1","3","96.3","104.2","-7.9","95.3",".246",".356",".496",NA,".461","11.5","16.6",".177",NA,".517","15.2","81.1",".206",2019
"355","12","Utah Jazz","27.0","1","4",".200","1","4","99.2","108.5","-9.3","98.6",".296",".414",".501",NA,".455","13.5","24.9",".222",NA,".526","13.8","80.5",".219",2019
"356","13","Los Angeles Clippers","26.7","2","4",".333","1","5","111.5","121.0","-9.5","102.9",".323",".355",".563",NA,".511","12.8","21.9",".264",NA,".574","12.5","74.5",".251",2019
"357","14","Brooklyn Nets","25.3","1","4",".200","1","4","106.7","117.3","-10.6","104.4",".319",".372",".534",NA,".480","12.0","22.6",".258",NA,".542","13.3","67.9",".230",2019
"358","15","Orlando Magic","25.9","1","4",".200","1","4","96.2","111.2","-15.0","95.7",".267",".419",".496",NA,".451","14.4","20.3",".207",NA,".550","11.8","82.8",".161",2019
"359","16","Detroit Pistons","26.5","0","4",".000","0","4","96.8","120.2","-23.4","101.3",".171",".344",".471",NA,".444","9.2","19.8",".124",NA,".583","12.8","76.4",".246",2019
"360","","League Average","27.5","","","","5","5","109.4","109.4","","97.5",".284",".379",".550",NA,".508","12.0","22.7",".223",NA,".508","12.0","77.3",".223",2019
"361","Rk","Tm","Age","W","L","W/L%","PW","PL","ORtg","DRtg","NRtg","Pace","FTr","3PAr","TS%",NA,"eFG%","TOV%","ORB%","FT/FGA",NA,"eFG%","TOV%","DRB%","FT/FGA",2020
"362","1","Los Angeles Lakers","29.3","16","5",".762","15","6","115.9","108.9","+7.0","97.3",".293",".407",".595",NA,".561","14.0","26.1",".222",NA,".525","13.6","81.9",".251",2020
"363","2","Boston Celtics","25.0","10","7",".588","11","6","111.3","106.3","+5.0","96.4",".285",".429",".572",NA,".527","12.7","21.0",".233",NA,".490","11.5","80.5",".234",2020
"364","3","Los Angeles Clippers","27.9","7","6",".538","8","5","115.4","111.1","+4.3","98.0",".291",".380",".585",NA,".544","11.8","21.5",".232",NA,".542","12.6","80.6",".209",2020
"365","4","Toronto Raptors","27.1","7","4",".636","7","4","108.3","104.2","+4.1","99.1",".240",".455",".559",NA,".525","11.8","17.6",".187",NA,".507","13.7","82.2",".211",2020
"366","5","Utah Jazz","26.8","3","4",".429","4","3","122.2","118.5","+3.7","91.5",".284",".455",".616",NA,".583","11.5","22.8",".220",NA,".554","11.4","75.1",".169",2020
"367","6","Miami Heat","27.1","14","7",".667","12","9","113.5","111.5","+2.0","95.9",".322",".433",".587",NA,".537","12.3","19.1",".266",NA,".529","13.0","77.3",".215",2020
"368","7","Milwaukee Bucks","29.8","5","5",".500","5","5","109.7","108.5","+1.2","100.3",".279",".426",".568",NA,".537","13.2","20.5",".202",NA,".527","13.5","83.8",".241",2020
"369","8","Houston Rockets","30.2","5","7",".417","6","6","108.3","107.5","+0.8","98.6",".235",".545",".569",NA,".535","12.4","14.6",".186",NA,".534","15.4","78.0",".209",2020
"370","9","Denver Nuggets","25.2","9","10",".474","8","11","113.6","116.0","-2.4","94.1",".260",".392",".584",NA,".545","13.2","23.0",".212",NA,".551","12.7","76.8",".233",2020
"371","10","Oklahoma City Thunder","25.7","3","4",".429","2","5","102.4","108.7","-6.3","100.1",".281",".428",".542",NA,".500","15.0","20.1",".217",NA,".535","11.5","84.6",".146",2020
"372","11","Orlando Magic","27.0","1","4",".200","1","4","102.5","111.3","-8.8","104.4",".237",".449",".547",NA,".505","13.0","13.5",".199",NA,".572","14.5","82.0",".177",2020
"373","12","Dallas Mavericks","26.2","2","4",".333","1","5","112.7","122.0","-9.3","102.1",".297",".421",".580",NA,".549","11.2","16.9",".215",NA,".579","10.5","80.4",".248",2020
"374","13","Portland Trail Blazers","26.6","1","4",".200","1","4","104.6","115.0","-10.4","101.9",".283",".347",".537",NA,".492","13.9","21.4",".224",NA,".552","13.0","72.7",".222",2020
"375","14","Indiana Pacers","26.2","0","4",".000","1","3","104.2","115.1","-10.9","96.7",".252",".399",".565",NA,".530","14.6","13.7",".196",NA,".545","13.2","76.9",".288",2020
"376","15","Philadelphia 76ers","26.4","0","4",".000","1","3","105.5","117.9","-12.4","95.2",".381",".360",".512",NA,".443","10.9","26.8",".310",NA,".523","9.7","77.6",".255",2020
"377","16","Brooklyn Nets","25.4","0","4",".000","0","4","102.2","122.0","-19.8","103.5",".268",".504",".518",NA,".482","12.4","18.1",".195",NA,".592","10.6","79.1",".203",2020
"378","","League Average","27.2","","","","5","5","111.3","111.3","","97.6",".281",".427",".574",NA,".534","12.8","20.4",".221",NA,".534","12.8","79.6",".221",2020
"379","Rk","Tm","Age","W","L","W/L%","PW","PL","ORtg","DRtg","NRtg","Pace","FTr","3PAr","TS%",NA,"eFG%","TOV%","ORB%","FT/FGA",NA,"eFG%","TOV%","DRB%","FT/FGA",2021
"380","1","Philadelphia 76ers","27.3","7","5",".583","9","3","116.0","108.5","+7.5","100.2",".342",".331",".589",NA,".561","11.5","21.3",".234",NA,".502","11.2","78.8",".235",2021
"381","2","Brooklyn Nets","28.7","7","5",".583","8","4","116.1","109.6","+6.5","96.1",".235",".413",".592",NA,".551","10.9","19.7",".204",NA,".502","11.6","75.0",".190",2021
"382","3","Milwaukee Bucks","29.2","16","7",".696","15","8","112.9","107.6","+5.3","96.9",".228",".384",".550",NA,".524","11.3","27.8",".164",NA,".523","12.2","81.6",".160",2021
"383","4","Phoenix Suns","26.6","14","8",".636","14","8","114.7","110.0","+4.7","95.1",".219",".350",".585",NA,".547","11.3","19.6",".188",NA,".507","10.9","76.1",".194",2021
"384","5","Los Angeles Clippers","29.3","10","9",".526","12","7","120.2","115.9","+4.3","92.8",".290",".444",".604",NA,".562","10.4","21.5",".238",NA,".543","11.1","76.9",".173",2021
"385","6","Utah Jazz","28.6","6","5",".545","5","6","121.4","122.3","-0.9","96.3",".288",".518",".616",NA,".579","12.4","23.7",".231",NA,".562","9.6","76.7",".208",2021
"386","7","Portland Trail Blazers","28.5","2","4",".333","3","3","121.6","122.9","-1.3","95.0",".257",".443",".608",NA,".567","10.7","22.2",".219",NA,".555","9.9","73.5",".216",2021
"387","8","Atlanta Hawks","25.6","10","8",".556","8","10","109.8","111.3","-1.5","96.8",".241",".394",".554",NA,".516","11.5","20.9",".192",NA,".520","11.6","75.0",".197",2021
"388","9","Dallas Mavericks","26.2","3","4",".429","2","5","115.5","121.1","-5.6","91.8",".233",".407",".559",NA,".534","10.4","23.7",".164",NA,".571","10.9","77.4",".246",2021
"389","10","Denver Nuggets","26.3","4","6",".400","3","7","116.8","122.4","-5.6","96.3",".227",".418",".566",NA,".536","9.9","25.1",".172",NA,".576","10.6","79.6",".223",2021
"390","11","Los Angeles Lakers","29.1","2","4",".333","2","4","104.0","110.9","-6.9","93.8",".295",".396",".520",NA,".473","12.9","23.7",".229",NA,".530","12.1","80.3",".212",2021
"391","12","New York Knicks","27.3","1","4",".200","1","4","103.5","111.0","-7.5","93.7",".252",".352",".505",NA,".458","11.3","24.6",".206",NA,".519","10.4","81.2",".189",2021
"392","13","Memphis Grizzlies","24.0","1","4",".200","1","4","115.6","124.0","-8.4","99.5",".216",".335",".556",NA,".523","9.1","23.8",".172",NA,".586","12.2","75.4",".257",2021
"393","14","Boston Celtics","25.0","1","4",".200","1","4","117.1","128.7","-11.6","95.8",".311",".415",".560",NA,".508","11.5","28.8",".256",NA,".582","10.6","73.5",".296",2021
"394","15","Washington Wizards","27.4","1","4",".200","1","4","107.6","121.3","-13.7","102.2",".327",".273",".543",NA,".498","11.7","23.1",".246",NA,".575","10.3","77.4",".234",2021
"395","16","Miami Heat","28.8","0","4",".000","0","4","96.6","116.8","-20.2","98.9",".227",".401",".499",NA,".462","12.5","17.1",".174",NA,".538","12.6","68.6",".177",2021
"396","","League Average","27.6","","","","5","5","114.3","114.3","","96.1",".256",".395",".571",NA,".534","11.2","22.8",".201",NA,".534","11.2","77.2",".201",2021
"397","Rk","Tm","Age","W","L","W/L%","PW","PL","ORtg","DRtg","NRtg","Pace","FTr","3PAr","TS%",NA,"eFG%","TOV%","ORB%","FT/FGA",NA,"eFG%","TOV%","DRB%","FT/FGA",2022
"398","1","Golden State Warriors","28.2","16","6",".727","14","8","115.2","110.0","+5.2","97.1",".230",".433",".590",NA,".561","13.3","23.6",".176",NA,".522","12.7","77.5",".205",2022
"399","2","Miami Heat","28.3","11","7",".611","11","7","110.6","106.6","+4.0","94.2",".253",".408",".550",NA,".509","12.0","23.3",".203",NA,".520","14.9","79.4",".251",2022
"400","3","Boston Celtics","26.3","14","10",".583","15","9","110.7","107.0","+3.7","95.3",".283",".448",".574",NA,".533","13.8","21.9",".226",NA,".501","12.3","76.9",".181",2022
"401","4","Memphis Grizzlies","23.9","6","6",".500","7","5","110.2","107.8","+2.4","102.1",".297",".392",".545",NA,".507","11.9","25.8",".218",NA,".530","15.6","77.7",".211",2022
"402","5","Milwaukee Bucks","29.5","7","5",".583","7","5","104.4","102.8","+1.6","98.5",".236",".367",".529",NA,".498","12.4","21.6",".172",NA,".499","11.9","83.8",".168",2022
"403","6","Dallas Mavericks","27.1","9","9",".500","9","9","114.9","114.1","+0.8","92.6",".289",".513",".584",NA,".546","10.1","15.7",".223",NA,".539","12.8","74.7",".214",2022
"404","7","Philadelphia 76ers","27.4","6","6",".500","6","6","112.3","112.0","+0.3","92.2",".290",".426",".592",NA,".545","14.3","20.4",".246",NA,".512","11.0","75.8",".207",2022
"405","8","Phoenix Suns","27.8","7","6",".538","6","7","115.6","116.7","-1.1","93.1",".229",".328",".591",NA,".557","12.7","24.2",".187",NA,".539","12.2","73.8",".237",2022
"406","9","New Orleans Pelicans","25.5","2","4",".333","3","3","117.6","119.2","-1.6","93.4",".342",".312",".566",NA,".518","13.0","35.0",".267",NA,".575","10.7","80.3",".193",2022
"407","10","Brooklyn Nets","29.5","0","4",".000","1","3","116.3","121.1","-4.8","93.8",".330",".349",".610",NA,".577","14.6","23.0",".244",NA,".562","12.9","69.9",".223",2022
"408","11","Minnesota Timberwolves","24.8","2","4",".333","2","4","106.4","111.8","-5.4","102.6",".341",".435",".579",NA,".527","15.8","17.1",".276",NA,".519","13.6","72.5",".268",2022
"409","12","Utah Jazz","29.1","2","4",".333","2","4","108.8","115.0","-6.2","91.0",".335",".378",".546",NA,".495","11.5","22.8",".264",NA,".540","8.7","85.5",".217",2022
"410","13","Denver Nuggets","28.1","1","4",".200","1","4","113.6","121.8","-8.2","96.9",".304",".379",".586",NA,".543","14.9","28.0",".242",NA,".608","12.2","81.4",".230",2022
"411","14","Toronto Raptors","25.3","2","4",".333","2","4","111.2","120.2","-9.0","91.2",".244",".382",".542",NA,".503","9.5","23.0",".194",NA,".576","14.0","76.7",".275",2022
"412","15","Atlanta Hawks","25.5","1","4",".200","1","4","102.3","114.9","-12.6","95.2",".281",".448",".554",NA,".513","15.7","21.3",".220",NA,".542","12.2","79.0",".194",2022
"413","16","Chicago Bulls","26.4","1","4",".200","1","4","94.9","109.4","-14.5","100.3",".160",".408",".493",NA,".461","11.9","15.8",".133",NA,".553","13.9","81.4",".170",2022
"414","","League Average","27.2","","","","6","5","111.2","111.2","","95.5",".270",".413",".567",NA,".529","12.8","22.3",".212",NA,".529","12.8","77.7",".212",2022
"415","Rk","Team","Age","W","L","W/L%","PW","PL","ORtg","DRtg","NRtg","Pace","FTr","3PAr","TS%",NA,"eFG%","TOV%","ORB%","FT/FGA",NA,"eFG%","TOV%","DRB%","FT/FGA",2023
"416","1","Denver Nuggets","27.1","3","0","1.000","3","0","123.0","106.5","+16.5","95.1",".212",".359",".620",NA,".597","11.3","22.7",".162",NA,".517","12.3","84.0",".238",2023
"417","2","Philadelphia 76ers","28.2","3","0","1.000","3","0","118.8","105.0","+13.8","89.5",".179",".434",".589",NA,".560","13.7","31.1",".151",NA,".528","13.4","85.0",".175",2023
"418","3","Boston Celtics","27.8","2","1",".667","2","1","116.2","110.3","+5.9","101.2",".165",".429",".619",NA,".600","13.6","19.0",".128",NA,".517","12.9","71.1",".121",2023
"419","4","Phoenix Suns","29.8","2","1",".667","2","1","122.0","117.2","+4.8","98.9",".365",".275",".612",NA,".565","10.3","24.1",".290",NA,".543","13.8","74.0",".273",2023
"420","5","Los Angeles Lakers","27.5","1","1",".500","1","1","113.0","109.9","+3.1","97.8",".209",".356",".572",NA,".540","13.0","24.1",".169",NA,".517","10.2","80.7",".174",2023
"421","6","New York Knicks","24.7","2","1",".667","2","1","104.9","102.3","+2.6","92.2",".280",".364",".516",NA,".470","14.6","31.8",".220",NA,".502","16.6","72.2",".175",2023
"422","7","Golden State Warriors","28.5","1","2",".333","2","1","111.6","109.6","+2.0","102.5",".250",".515",".568",NA,".531","14.0","26.1",".199",NA,".486","11.6","71.4",".223",2023
"423","8","Milwaukee Bucks","30.8","1","1",".500","1","1","123.4","122.0","+1.4","103.3",".158",".495",".627",NA,".611","10.6","20.5",".121",NA,".658","15.0","85.7",".185",2023
"424","9","Miami Heat","28.7","1","1",".500","1","1","122.0","123.4","-1.4","103.3",".262",".363",".673",NA,".658","15.0","14.3",".185",NA,".611","10.6","79.5",".121",2023
"425","10","Sacramento Kings","25.6","2","1",".667","1","2","109.6","111.6","-2.0","102.5",".298",".415",".528",NA,".486","11.6","28.6",".223",NA,".531","14.0","73.9",".199",2023
"426","11","Cleveland Cavaliers","25.1","1","2",".333","1","2","102.3","104.9","-2.6","92.2",".246",".404",".532",NA,".502","16.6","27.8",".175",NA,".470","14.6","68.2",".220",2023
"427","12","Memphis Grizzlies","24.3","1","1",".500","1","1","109.9","113.0","-3.1","97.8",".208",".404",".553",NA,".517","10.2","19.3",".174",NA,".540","13.0","75.9",".169",2023
"428","13","Los Angeles Clippers","30.1","1","2",".333","1","2","117.2","122.0","-4.8","98.9",".332",".375",".593",NA,".543","13.8","26.0",".273",NA,".565","10.3","75.9",".290",2023
"429","14","Atlanta Hawks","25.3","1","2",".333","1","2","110.3","116.2","-5.9","101.2",".159",".383",".540",NA,".517","12.9","28.9",".121",NA,".600","13.6","81.0",".128",2023
"430","15","Brooklyn Nets","27.2","0","3",".000","0","3","105.0","118.8","-13.8","89.5",".236",".441",".558",NA,".528","13.4","15.0",".175",NA,".560","13.7","68.9",".151",2023
"431","16","Minnesota Timberwolves","27.3","0","3",".000","0","3","106.5","123.0","-16.5","95.1",".310",".393",".560",NA,".517","12.3","16.0",".238",NA,".597","11.3","77.3",".162",2023
"432","17","New Orleans Pelicans","","0","0","","","","","","","","","","",NA,"","","","",NA,"","","","",2023
"433","18","Oklahoma City Thunder","","0","0","","","","","","","","","","",NA,"","","","",NA,"","","","",2023
"434","19","Chicago Bulls","","0","0","","","","","","","","","","",NA,"","","","",NA,"","","","",2023
"435","20","Toronto Raptors","","0","0","","","","","","","","","","",NA,"","","","",NA,"","","","",2023
"436","","League Average","27.3","","","","1","1","113.3","113.3","","97.3",".243",".401",".576",NA,"","13.0","24.0",".189",NA,"","13.0","76.0",".189",2023
